{"is_source_file": true, "format": "Python", "description": "This file generates and saves the OpenAPI schema for the API defined in the project. It imports the app from src.api.main, retrieves the OpenAPI schema, and writes it to a JSON file in the interfaces directory.", "external_files": ["src/api/main.py"], "external_methods": ["app.openapi()"], "published": [], "classes": [], "methods": [], "calls": ["app.openapi()", "os.makedirs", "json.dump"], "search-terms": ["generate_openapi", "openapi_schema", "interfaces directory", "openapi.json"], "state": 2, "file_id": 3, "knowledge_revision": 8, "git_revision": "73e83aa920d7860e24ae453e29fbffbf8a75751f", "ctags": [{"_type": "tag", "name": "openapi_schema", "path": "/home/kavia/workspace/code-generation/simple-notes-216742-216772/backend_api/src/api/generate_openapi.py", "pattern": "/^openapi_schema = app.openapi()$/", "language": "Python", "kind": "variable"}, {"_type": "tag", "name": "output_dir", "path": "/home/kavia/workspace/code-generation/simple-notes-216742-216772/backend_api/src/api/generate_openapi.py", "pattern": "/^output_dir = \"interfaces\"$/", "language": "Python", "kind": "variable"}, {"_type": "tag", "name": "output_path", "path": "/home/kavia/workspace/code-generation/simple-notes-216742-216772/backend_api/src/api/generate_openapi.py", "pattern": "/^output_path = os.path.join(output_dir, \"openapi.json\")$/", "language": "Python", "kind": "variable"}], "hash": "61e3715e79bc397fab3e70f503a41417", "format-version": 4, "code-base-name": "backend_api", "filename": "backend_api/src/api/generate_openapi.py", "fields": [{"name": "openapi_schema = app.openapi()", "scope": "", "scopeKind": "", "description": "unavailable"}, {"name": "output_dir = \"interfaces\"", "scope": "", "scopeKind": "", "description": "unavailable"}, {"name": "output_path = os.path.join(output_dir, \"openapi.json\")", "scope": "", "scopeKind": "", "description": "unavailable"}], "revision_history": [{"8": "73e83aa920d7860e24ae453e29fbffbf8a75751f"}]}