{"is_source_file": true, "format": "Python", "description": "This file sets up a FastAPI web application, configuring CORS middleware and defining a single health check endpoint at the root ('/') that returns a status message.", "external_files": ["fastapi", "fastapi.middleware.cors"], "external_methods": ["FastAPI", "CORSMiddleware"], "published": ["app"], "classes": [], "methods": [{"name": "health_check()", "description": "A GET endpoint at '/' that returns a JSON message indicating the service is healthy.", "scope": "", "scopeKind": ""}], "calls": ["app.add_middleware", "CORSMiddleware"], "search-terms": ["FastAPI setup", "CORS middleware", "health check endpoint", "main.py"], "state": 2, "file_id": 2, "knowledge_revision": 9, "git_revision": "73e83aa920d7860e24ae453e29fbffbf8a75751f", "ctags": [{"_type": "tag", "name": "app", "path": "/home/kavia/workspace/code-generation/simple-notes-216742-216772/backend_api/src/api/main.py", "pattern": "/^app = FastAPI()$/", "language": "Python", "kind": "variable"}, {"_type": "tag", "name": "health_check", "path": "/home/kavia/workspace/code-generation/simple-notes-216742-216772/backend_api/src/api/main.py", "pattern": "/^def health_check():$/", "language": "Python", "kind": "function", "signature": "()"}], "hash": "58352bf5f133908bab16643199aa483d", "format-version": 4, "code-base-name": "backend_api", "filename": "backend_api/src/api/main.py", "fields": [{"name": "app = FastAPI()", "scope": "", "scopeKind": "", "description": "unavailable"}], "revision_history": [{"9": "73e83aa920d7860e24ae453e29fbffbf8a75751f"}]}